engineID,manufacturerID,modelName,bodyType,modelYear,modelWeight
767,505,Color,SUV,1908,2435
894,1074,Article,Wagon,1998,2182
279,596,Eye,Pickup,2000,890
322,912,Good,SUV,1909,2510
295,658,Lawyer,Coupe,1983,1495
770,914,Appear,Wagon,1983,2745
979,680,Rule,SUV,1892,1648
913,162,Machine,Convertible,2021,1733
616,649,Since,Wagon,2005,2026
335,852,Budget,Sedan,1971,2811
765,883,Follow,Pickup,1916,1659
621,164,Space,Sedan,1924,2116
342,884,Class,Van,1969,1803
949,805,Church,Hatchback,1932,2369
105,853,Style,SUV,1946,1850
89,396,Sport,Sedan,1892,2183
753,196,Section,Pickup,1952,2688
32,352,Student,Hatchback,1975,2059
575,488,Money,Coupe,1971,2352
138,224,Role,Van,1960,914
9,274,Produce,Coupe,1934,2733
407,946,Form,Wagon,2017,915
266,860,Scene,Convertible,1937,2011
756,404,Include,Wagon,1924,1125
607,377,Memory,Wagon,1997,1581
353,204,Summer,Van,1902,2673
925,996,Crime,Wagon,2002,2423
418,874,Test,Pickup,1944,2318
784,765,Product,Wagon,1929,2135
980,987,Audience,Pickup,2012,1339
997,384,Industry,Wagon,1886,1392
673,680,Nature,Sedan,1944,2927
265,1014,Direction,Hatchback,1889,2386
284,959,Cold,Convertible,2015,1975
899,628,National,Sedan,2017,1528
759,278,Anything,Convertible,2003,2100
404,421,Fear,Wagon,1977,2855
440,916,Federal,SUV,1911,2482
109,590,Crime,Convertible,1895,2344
222,1058,Pretty,Convertible,1894,1462
364,517,East,Wagon,1971,1349
388,787,Wonder,Wagon,1947,2321
827,684,Your,Coupe,1912,2263
315,372,Institution,Pickup,2022,1948
620,254,Actually,Sedan,2001,1055
41,1068,Election,Hatchback,2020,2335
710,436,Reason,Van,1921,829
311,367,Nature,Van,1960,1128
599,308,Character,Hatchback,1999,1775
477,814,Number,Wagon,1994,2477
932,393,Page,Pickup,1980,2453
246,409,Goal,Pickup,1914,2008
244,884,Pm,Sedan,2014,2138
683,122,Catch,SUV,1927,1114
623,423,North,Coupe,1929,1755
134,636,Music,Coupe,1964,2332
298,254,Radio,Wagon,1953,1806
34,987,Within,Hatchback,1974,2422
490,304,Increase,SUV,1982,2461
578,475,Work,Coupe,1944,2836
546,801,Change,Sedan,1944,2385
490,750,Into,Coupe,1932,1645
101,294,Teach,Van,1958,2252
656,523,Find,Wagon,2011,2636
871,723,South,Convertible,1931,2676
672,332,Help,Convertible,1914,2719
31,1079,Owner,Hatchback,1920,2940
867,814,Like,Wagon,1887,1994
6,1015,Garden,Convertible,2007,856
980,392,Usually,Hatchback,1977,1670
862,392,Between,Convertible,1938,913
12,930,In,Pickup,2003,2190
556,387,Always,Sedan,1922,2021
409,1015,Store,Pickup,1982,1144
600,653,Personal,Pickup,1984,1327
199,887,Change,Wagon,1939,1298
352,124,According,Convertible,1919,1014
46,453,Carry,Van,2024,1607
113,198,Morning,Van,1956,1059
52,355,Store,SUV,2001,1199
197,43,Out,Van,1928,1585
798,407,Mission,Pickup,1910,2771
936,852,Bit,Wagon,1977,921
235,835,Result,Sedan,1928,2632
540,1119,Word,SUV,1902,2005
241,498,Behind,Van,1889,2420
46,147,Answer,Hatchback,1905,2540
215,1029,After,SUV,1929,2150
441,531,Use,Convertible,1929,2628
720,153,Day,Sedan,1953,2533
215,515,Parent,Pickup,1934,1050
90,157,Table,Van,1938,2363
206,459,Table,Coupe,1980,1060
431,484,Could,Van,1910,2722
447,901,Fast,Coupe,1938,1176
419,443,Artist,Van,2021,1127
217,812,No,Hatchback,1951,1281
479,888,Discuss,Pickup,1958,1567
163,994,Mind,Van,1933,1231
597,948,Probably,SUV,2020,1189
589,78,Tax,Sedan,1970,1715
216,728,Outside,Pickup,1988,2997
272,754,Again,Convertible,1908,2639
594,997,Court,SUV,1928,2630
465,66,Her,SUV,1966,1258
231,898,Mother,SUV,1899,2577
648,48,Way,Wagon,2011,886
515,892,Summer,Hatchback,1915,2866
2,841,Response,Pickup,1922,1316
326,446,Include,Van,1905,2044
958,1037,Material,Wagon,1905,2711
398,564,Any,Sedan,2013,1449
494,314,Add,Pickup,1959,1948
305,1033,Great,Coupe,1957,1555
495,202,Hospital,Convertible,2023,2514
401,939,Too,Convertible,1961,1441
571,972,Wife,SUV,1924,1903
4,146,Art,Sedan,1987,2005
634,656,Population,Sedan,1900,1054
563,224,Answer,Sedan,1928,2093
322,443,Camera,Hatchback,2023,2460
274,579,Among,Coupe,1980,892
720,762,Test,Coupe,1951,2860
661,1095,News,Wagon,2009,1386
281,203,Film,Van,1906,812
586,262,Manager,Hatchback,1887,1550
949,32,Result,Van,1911,2973
654,626,Serve,Wagon,2007,2714
897,517,Give,SUV,1899,2956
629,218,Wear,Coupe,1970,1384
490,742,Take,Coupe,1993,2671
260,1043,Test,Wagon,1897,1701
414,180,Vote,Van,1934,2401
479,943,Live,Pickup,1941,1160
720,521,Address,Wagon,1932,995
937,548,Actually,SUV,1948,2132
168,771,Single,Van,1899,840
267,146,Along,Pickup,1909,2001
701,466,Word,Pickup,2021,2579
728,360,Manager,Convertible,1920,1602
359,982,Behavior,Convertible,1955,1063
865,87,Wrong,Sedan,1939,2093
933,118,Specific,Van,2024,1265
890,987,Dream,SUV,1981,2245
657,911,Material,Sedan,2004,1960
808,526,During,Convertible,1927,2741
904,578,Shoulder,SUV,1994,1454
567,49,Growth,Convertible,1990,2555
34,117,Rather,Van,1945,2024
249,914,Accept,SUV,1953,2242
331,363,Garden,Sedan,2000,2154
573,1077,Main,Wagon,1931,1383
771,801,Know,Wagon,2004,2755
457,26,Respond,SUV,2011,898
145,655,High,Coupe,2010,2112
133,56,North,Coupe,1995,1138
585,533,Class,SUV,1986,948
869,154,Beat,Convertible,1891,819
8,562,Statement,Wagon,2019,2936
767,782,Thing,Pickup,1929,922
288,471,Read,Pickup,1888,1507
323,451,Pretty,Convertible,1901,2185
141,291,Break,Van,1929,2215
521,81,Last,Hatchback,1917,1111
291,221,With,Van,1944,1497
643,1120,Ball,Wagon,1956,1463
279,122,Never,SUV,2010,1345
72,676,We,Convertible,1921,1837
606,359,Nor,Pickup,1899,1519
499,528,Stop,Van,1967,2276
51,759,Determine,SUV,1941,1149
994,333,Treat,Pickup,1988,1000
604,609,Local,Van,1927,1617
951,252,Provide,Coupe,1964,2837
490,167,Picture,Pickup,1935,1775
882,551,However,Sedan,1921,1568
102,231,Tax,Hatchback,1959,1687
595,361,Down,Pickup,1932,2158
473,1115,Red,Sedan,1911,2837
842,698,Land,Hatchback,1951,1540
685,41,House,SUV,1953,2201
639,157,Notice,Van,1913,1671
19,662,Learn,Sedan,1940,1722
136,523,Source,Pickup,1938,1102
566,534,Many,Coupe,1920,2441
637,870,Technology,Pickup,1959,1752
360,726,Law,SUV,1887,1887
414,307,Consider,Hatchback,1974,1844
442,380,Lawyer,SUV,1990,1919
466,977,Various,SUV,2005,1618
950,296,Gun,Wagon,2020,2180
774,691,Spend,Convertible,1994,2534
412,969,American,Pickup,1905,2349
54,929,Money,Van,1908,2070
788,171,Visit,Hatchback,2013,1988
992,897,Morning,SUV,1984,1554
848,439,Nor,Hatchback,1954,2875
5,1034,Than,Coupe,1950,1752
862,734,Event,Coupe,1925,2531
352,936,Manage,Van,1934,1718
534,144,Player,SUV,1898,1362
470,386,Professional,Sedan,2011,2030
970,410,Guess,Coupe,1928,1122
112,789,Take,Coupe,1901,2937
745,697,Both,Hatchback,1918,1946
145,281,About,Hatchback,1905,1099
27,394,Significant,SUV,1922,1079
504,28,Couple,Convertible,1923,2734
928,508,Give,Coupe,1899,1634
89,786,Laugh,Coupe,1930,1383
525,503,Who,Convertible,1975,1115
855,200,Network,Hatchback,1910,2872
734,386,Above,Coupe,1952,1747
970,283,Tough,Van,1959,2875
90,1046,Bag,Coupe,2014,2560
82,778,Man,Sedan,1968,1190
987,810,Few,Coupe,1916,2754
136,167,Employee,Pickup,1918,1826
110,466,Help,Pickup,1929,1712
116,328,Effect,Coupe,1917,1832
220,698,Detail,SUV,2016,908
645,530,View,Van,1957,2271
493,115,Loss,Sedan,1925,2036
357,800,Start,Convertible,1966,1797
904,26,Each,Hatchback,2008,1046
735,8,Show,Convertible,2009,2899
556,435,Because,Hatchback,1947,2575
247,158,Front,Hatchback,1914,1392
158,1009,Human,Coupe,1919,2964
968,118,Although,Pickup,1963,1760
163,176,Town,Coupe,1899,1220
91,724,Worry,Van,1989,2609
91,1068,Level,Coupe,1900,2533
719,348,Worry,Hatchback,1968,2299
652,493,Certainly,Sedan,1980,2630
25,1074,Determine,Wagon,1966,2946
127,647,Director,Hatchback,2002,1795
672,359,Blue,SUV,1909,1053
270,723,Cultural,Convertible,2020,2334
807,1113,Large,Van,1890,1861
593,690,Why,SUV,1942,1796
75,154,Figure,Pickup,1945,2403
845,16,Add,Van,1901,1697
335,460,Source,Wagon,1994,2223
943,166,Western,Wagon,2022,1388
266,916,Stage,Van,1988,1896
580,192,Probably,Convertible,1889,1456
861,555,Your,Coupe,1974,2182
595,988,Hold,Van,2014,1458
663,536,Mention,Coupe,1953,1470
694,523,Federal,Convertible,1937,1187
312,871,Rock,Hatchback,1920,2134
747,141,Question,Wagon,1942,1372
293,1069,Movement,SUV,1979,976
277,826,Down,Wagon,1983,1990
696,719,Letter,Wagon,1949,1908
30,319,Take,Hatchback,2020,866
116,344,Debate,Wagon,1910,2358
550,837,Art,Convertible,1976,998
801,412,Form,Sedan,1932,1909
836,685,Behind,Hatchback,1948,2435
194,971,Yard,Coupe,2023,2537
395,321,Along,Hatchback,2011,2186
628,90,Your,Sedan,1933,2199
656,900,Nor,Convertible,1984,1831
150,970,Meet,SUV,1995,1138
357,997,Series,Coupe,1933,1197
411,129,Interest,Coupe,1933,1705
763,436,Number,Sedan,1977,953
969,643,Democrat,Convertible,1892,1176
822,693,Because,SUV,1906,2231
856,133,Value,Wagon,1968,1276
470,821,Fine,Wagon,2009,1145
95,231,Try,SUV,1910,816
533,1030,Today,Hatchback,1909,2823
672,689,Him,Sedan,1928,1007
757,1048,Similar,Hatchback,1904,2825
787,1059,Issue,Wagon,2001,1941
349,205,Him,Hatchback,1940,1288
656,464,Computer,SUV,1999,2523
666,640,Then,SUV,2016,852
243,54,Commercial,Sedan,1957,2522
862,337,Worry,Coupe,1990,2694
664,782,List,Convertible,1951,1673
683,387,Cup,Sedan,1902,2579
194,53,Marriage,Convertible,1956,1005
566,219,Send,SUV,1939,2231
645,531,Option,Coupe,1999,2474
898,1015,Country,Coupe,2006,2794
211,630,Price,SUV,1966,1189
485,953,Beat,SUV,1994,1159
117,1083,Public,Van,1990,2721
2,247,Appear,Wagon,1962,872
56,199,From,Pickup,1898,1834
678,474,Pm,Van,2001,2767
211,1085,Range,Coupe,1964,2563
576,571,True,Van,1893,1218
109,974,Light,Convertible,1905,1253
272,536,Travel,Wagon,1985,1202
936,578,Book,Wagon,1910,2816
304,7,Source,Wagon,1972,1376
775,793,Risk,Van,2005,1627
817,1097,Million,Wagon,2005,864
839,243,Garden,SUV,1926,1180
138,44,Foot,Pickup,1949,1786
333,942,Anyone,Pickup,2004,2639
824,299,Use,Sedan,2021,2353
935,95,Traditional,Wagon,1999,2717
849,117,Out,Coupe,1941,1980
420,893,Audience,Hatchback,1939,1646
405,217,Game,Hatchback,1903,2366
460,146,Me,SUV,2013,1857
14,274,Player,Convertible,1979,2285
239,595,Make,Coupe,1930,2924
50,883,Serve,Pickup,2015,1888
194,511,Try,Convertible,1913,1909
679,308,Guess,Coupe,1903,1685
992,238,Son,SUV,1979,924
905,218,Special,Convertible,1889,2841
625,1028,Foot,Convertible,1975,2170
754,747,After,Coupe,2008,2867
348,744,Loss,Sedan,1960,2344
714,962,Politics,Sedan,2000,2112
505,1086,Scene,Van,1974,1952
911,777,Enough,Convertible,1993,1921
909,1028,Black,Convertible,1995,2758
360,370,Yourself,SUV,1975,1627
646,996,Support,Wagon,1913,2121
676,868,Tough,Hatchback,1952,1857
20,125,Condition,Van,1981,1993
39,19,Always,Hatchback,2012,821
343,962,Explain,SUV,1887,1487
609,566,Hand,Convertible,1944,1871
11,853,Key,Wagon,2007,2903
298,846,Painting,Coupe,1953,1979
528,378,Single,Hatchback,1892,1658
832,468,Charge,Convertible,2002,1036
764,52,Wide,Pickup,1993,1726
275,868,Reduce,Van,1965,2024
360,500,Religious,SUV,1894,802
33,81,Magazine,Coupe,1971,829
266,168,Entire,Coupe,2005,2369
15,162,Boy,Coupe,1936,2572
793,891,Country,SUV,1959,1116
577,1115,Network,SUV,2010,1257
934,527,Stage,SUV,2007,1733
111,970,Congress,Coupe,2014,2625
102,5,Soon,Convertible,1930,2449
673,199,Three,Pickup,1954,2826
54,43,Own,SUV,1963,2183
407,342,Crime,SUV,2003,1674
711,353,Ground,Sedan,1943,1303
710,398,At,Convertible,1921,2738
730,431,Care,Pickup,1977,2993
395,715,Player,Convertible,1977,1732
577,734,In,Sedan,1954,1411
967,118,Enough,Hatchback,1954,1358
416,46,Research,Wagon,1996,1840
113,402,Type,Pickup,1962,1272
158,333,Ability,Wagon,1978,1693
413,106,Game,Convertible,1924,2766
989,1072,Feeling,Convertible,1929,2273
447,370,Share,Wagon,1907,1849
910,1114,Them,Pickup,1971,2798
962,995,Tend,Hatchback,1901,846
758,373,Rate,Sedan,1996,2380
589,357,Natural,Wagon,1958,940
893,1005,Box,Wagon,2003,1243
453,573,Perform,Sedan,1897,2202
257,265,Music,Hatchback,1938,985
734,260,Evidence,Pickup,2018,1920
286,54,Discuss,Pickup,1905,2512
786,100,Garden,SUV,1994,1604
638,560,Meet,Pickup,1943,1442
811,846,Occur,Convertible,1905,2302
999,419,Long,Coupe,1923,2811
171,585,Try,Wagon,1991,1327
455,626,Trade,Wagon,2024,1435
767,1090,Another,Sedan,2017,817
280,1061,Much,Convertible,1952,2519
459,381,Fish,Van,1954,1858
98,434,Idea,SUV,2008,2300
801,686,Same,Hatchback,1990,915
608,1109,Property,Hatchback,1893,2825
906,470,Focus,SUV,1927,913
733,387,Play,SUV,1945,1582
526,1021,Career,Pickup,1976,2874
777,75,No,SUV,1926,1502
814,985,Art,Pickup,1996,1846
858,270,Source,Pickup,1901,1149
413,695,Main,SUV,1904,1433
400,958,Thus,Convertible,2021,1197
716,784,Message,Van,1948,2830
356,242,Conference,Coupe,1924,2972
275,391,Include,SUV,1935,2779
785,1050,If,Wagon,1981,1325
914,168,Paper,Convertible,1938,2816
198,495,Draw,Hatchback,1891,1020
576,801,Street,Hatchback,2013,2199
250,900,Else,SUV,1934,1811
634,690,Seek,Pickup,1953,969
284,695,Anyone,Van,2023,1991
851,547,Beyond,Wagon,1949,1130
724,1047,Seat,Sedan,1958,924
364,307,Even,SUV,1933,1131
715,417,Surface,Van,1886,1397
45,443,Then,Hatchback,1984,2038
80,421,Old,Sedan,1974,2900
40,235,Sea,Pickup,1902,2395
758,913,Do,Coupe,1961,1586
416,712,Father,Pickup,1892,1989
151,1109,Full,Pickup,1931,2862
230,504,Both,Pickup,1910,1293
422,305,She,Coupe,1942,2171
410,889,Lot,Pickup,1910,2360
230,690,The,SUV,1962,2686
459,19,To,Coupe,1915,2714
61,397,Structure,Hatchback,1936,2008
851,656,Especially,Coupe,2016,2282
736,526,Responsibility,Van,1900,1932
757,221,Money,Sedan,2021,2826
452,649,Which,Hatchback,1992,923
640,451,Purpose,Convertible,1970,1971
121,1114,State,Hatchback,1995,1378
521,485,Condition,Convertible,2012,1467
12,491,Scene,SUV,1905,1807
882,542,There,Van,1929,2760
464,806,Customer,Wagon,1895,2563
82,191,Drop,Van,1938,2746
789,938,Source,SUV,1983,2365
52,551,Watch,Convertible,1987,2494
703,66,Area,Wagon,1890,1075
822,235,Cup,SUV,1965,1878
624,415,None,Sedan,1901,2716
860,176,Treat,Wagon,2023,2234
343,322,Statement,Hatchback,1969,2779
934,678,Mission,Wagon,2021,1103
172,470,Purpose,Pickup,1934,2985
491,723,Add,Wagon,1968,2630
466,932,Tv,SUV,1888,2480
732,874,Hard,Hatchback,1940,1245
125,823,Decision,Pickup,1897,1555
852,914,Possible,SUV,2019,1227
77,168,Deep,Van,1996,1672
68,362,Boy,Sedan,1938,1564
78,226,Soon,Pickup,1937,2922
701,613,Require,Convertible,1947,1715
241,191,Travel,Pickup,2011,2753
525,489,Impact,SUV,1919,2733
387,978,Vote,SUV,1988,999
574,437,Design,Van,1897,1361
167,49,Quickly,Van,1910,1377
436,109,Growth,Coupe,1946,2926
353,479,My,Hatchback,1906,1839
527,436,Try,Wagon,1911,1599
834,464,Born,Pickup,2004,860
96,137,According,Van,1985,1334
965,1044,Easy,Hatchback,1896,1219
956,45,Generation,Van,1966,2389
299,42,Believe,Van,1913,854
710,994,That,Hatchback,1940,2675
270,998,Her,Sedan,1969,1520
402,103,Smile,Coupe,1970,2900
392,354,Newspaper,Sedan,1943,2086
866,549,Rate,SUV,1984,1845
591,279,Charge,Van,2016,2004
866,153,Color,Sedan,1937,2291
291,1009,Spring,SUV,2016,952
59,989,Man,Wagon,1988,2835
706,1076,Himself,Convertible,1888,1807
669,858,Against,Pickup,1996,2170
19,660,Make,Hatchback,1930,2506
667,632,Who,Wagon,1898,2059
448,609,Impact,Wagon,1945,1425
929,494,Choose,Hatchback,1914,1965
399,371,Responsibility,Coupe,1989,2912
414,402,Rule,Hatchback,1911,1646
731,300,Election,Coupe,1992,1784
719,1109,Despite,SUV,2006,2532
793,739,Wonder,Hatchback,1982,2388
777,705,Daughter,Wagon,2016,1584
727,218,Great,Van,1939,2187
974,1092,Statement,Hatchback,1908,1759
54,192,Now,Coupe,1951,1179
408,821,Learn,Van,1894,2477
206,321,Property,Hatchback,1991,1526
57,473,Assume,Hatchback,1936,1669
304,387,Social,SUV,1906,2103
716,683,About,Van,1890,1573
330,936,Already,Pickup,2017,1349
825,43,Economy,Wagon,1998,2601
924,239,Hotel,Convertible,2019,2722
68,512,Its,Convertible,1985,2481
237,58,Protect,SUV,2003,942
310,5,Similar,Wagon,1976,2265
975,122,Nor,Hatchback,2021,1220
203,769,Pm,Wagon,1893,1982
262,890,Would,Wagon,2012,1849
837,708,Executive,Coupe,2007,2704
206,1022,First,Van,2010,1235
501,1080,Degree,Van,1978,1662
286,210,Meeting,Coupe,1906,2756
187,41,Figure,SUV,1904,1349
579,200,Bag,Hatchback,1978,1909
204,254,Trial,SUV,1925,1847
835,208,Expert,Coupe,1967,1469
140,363,Method,Wagon,1965,2200
330,638,Here,Hatchback,1957,1784
920,594,Continue,Hatchback,1910,1473
860,795,Might,Van,1910,2806
445,227,Pull,Pickup,1902,1970
169,743,Figure,SUV,1974,2240
857,947,Few,Sedan,1976,1226
161,817,Support,Convertible,1929,1468
624,61,Can,Convertible,1988,1629
967,893,Form,Coupe,1937,2947
714,283,Course,Van,2011,1418
733,404,Drop,Convertible,1930,2253
121,84,Heavy,Convertible,1936,2474
587,411,Who,Sedan,2014,2540
602,269,Candidate,Sedan,1975,2791
570,205,Capital,Coupe,1938,1928
648,306,Laugh,Van,2013,1813
32,611,May,Hatchback,2024,1985
612,956,Investment,SUV,1997,2391
548,996,Enjoy,Pickup,1995,910
92,565,Call,SUV,1928,2311
641,705,Identify,Convertible,1905,1709
355,1080,Surface,Coupe,1965,1553
257,486,Stock,Convertible,1992,1347
729,648,Write,Van,2006,2597
822,446,Situation,Hatchback,2006,2657
617,145,Them,Sedan,1889,1827
716,880,Debate,SUV,2019,2108
847,308,Most,SUV,2021,1881
899,847,Artist,Van,2018,1077
736,353,Price,Wagon,1918,1659
528,538,Fund,SUV,2004,1238
136,1005,Relate,Convertible,1957,1421
142,359,Specific,Van,2014,2926
521,894,Seat,Hatchback,1940,1556
43,802,Toward,Hatchback,2020,2126
57,33,West,Coupe,1951,1032
488,132,Message,Wagon,1927,1802
660,61,Large,Wagon,2004,2321
176,33,Maintain,Sedan,1935,2029
763,289,Firm,Hatchback,1922,1034
668,734,Wall,SUV,1990,2569
545,798,Future,Convertible,1961,2437
614,677,Organization,Pickup,1922,2214
842,941,Themselves,Sedan,1914,2421
645,536,Dog,Wagon,1919,2425
704,775,Miss,Hatchback,1923,2637
93,3,Almost,Hatchback,1938,2387
953,1118,Ahead,SUV,1985,2050
360,79,Everyone,Coupe,1905,1374
964,564,Measure,Pickup,1973,2167
513,893,Them,Van,1901,1496
970,475,Drive,Pickup,1942,1039
794,350,Energy,Sedan,1987,2273
784,463,Relate,Coupe,1999,1904
487,120,Eat,Convertible,1893,2180
53,230,Administration,SUV,1948,2955
150,945,News,Coupe,1914,1453
339,1040,Term,Convertible,1972,1155
919,932,On,Convertible,2015,2488
504,940,City,SUV,2004,2411
192,879,Writer,Sedan,1914,1828
848,835,Agreement,Wagon,1898,1420
61,685,Likely,Wagon,1990,2728
792,1098,Speech,Coupe,1972,1345
956,991,International,Wagon,1926,2540
778,239,Name,Wagon,2022,1336
267,294,Together,Sedan,1948,1439
971,53,Conference,Wagon,1896,896
755,1085,Cultural,Sedan,1907,1522
819,144,Share,Wagon,1983,918
413,312,Some,Van,1991,1310
501,737,Box,Convertible,2010,2362
6,301,Father,Wagon,1945,1499
245,765,Nearly,Wagon,1964,2013
309,997,Plant,Hatchback,1918,1248
182,381,Top,Wagon,1912,837
147,79,Foreign,Pickup,1934,939
210,567,Contain,Coupe,1946,2092
158,591,Quite,Coupe,2001,1487
298,895,Need,Van,1925,2378
624,112,Continue,Hatchback,2015,1516
438,372,Bed,Coupe,1891,2447
506,998,Fight,SUV,2023,1851
510,553,Kitchen,Sedan,1982,811
323,335,Hold,Convertible,1928,2924
386,230,Free,Coupe,1989,1320
655,557,Cause,Wagon,1939,1122
458,686,Natural,Van,1913,1309
326,754,Shake,Sedan,2002,1420
840,650,Difference,SUV,1887,2059
342,521,Free,Hatchback,1905,1505
39,332,Front,Sedan,1918,2404
804,1028,Recently,Hatchback,1942,2969
222,409,Improve,Convertible,1918,2739
579,420,Will,Wagon,1963,968
154,405,Defense,Coupe,1973,1983
725,103,A,Convertible,1959,2247
167,461,Interesting,Wagon,1908,1173
963,860,Later,Coupe,1940,1489
973,384,People,Wagon,1913,2395
842,158,Opportunity,SUV,1915,2683
5,1042,Since,Coupe,1972,2321
451,32,Red,SUV,1991,1693
425,483,Hard,Hatchback,1897,2507
667,445,On,Coupe,1991,2980
212,650,Movement,Wagon,1996,1623
282,734,Spring,Wagon,2000,2767
21,135,Develop,Wagon,1976,2361
565,3,Effort,Van,2015,2156
863,679,Direction,Sedan,1984,1231
610,1119,Attorney,Sedan,2024,2928
936,711,Success,SUV,1956,2726
506,700,Get,SUV,1889,971
578,308,Stay,Hatchback,2008,1567
701,61,Culture,Convertible,1920,947
85,570,Eye,Wagon,1966,1737
551,446,Argue,SUV,2021,927
72,977,Whether,Van,2016,1674
926,485,Factor,Wagon,1894,1189
58,484,Current,Convertible,1933,897
425,226,Thought,Sedan,1977,2162
785,522,Seem,Van,1964,1576
577,630,Itself,Sedan,1983,937
586,825,Feel,Wagon,2004,2596
635,549,Into,Hatchback,1973,1944
640,166,Near,Van,1902,2489
433,558,Kind,Coupe,1976,2040
254,706,Use,Convertible,1939,2299
230,67,High,Convertible,1928,2947
505,927,Community,Sedan,1962,1671
930,251,Red,Wagon,1892,852
565,619,Owner,Convertible,1890,1138
29,368,Type,SUV,1928,2045
630,650,Agent,Convertible,2006,1927
653,802,Hot,Hatchback,1950,1714
948,469,At,Wagon,1915,1985
914,297,See,Sedan,1976,2707
956,194,Whose,Wagon,1926,1223
483,102,Television,SUV,2017,1861
557,511,Event,SUV,1975,1580
93,615,Tend,SUV,1929,1550
890,257,Once,Wagon,1990,2651
892,116,Billion,Van,1958,1320
836,391,Quite,Convertible,1898,2211
743,1068,Artist,Coupe,1904,1027
221,39,Against,SUV,1906,2088
747,935,Important,SUV,2018,2177
788,1036,Customer,Van,1997,1345
543,754,Able,Convertible,1962,1576
715,409,Way,Sedan,1936,1077
247,1079,Anything,Wagon,1976,972
51,411,Reduce,SUV,1981,1658
93,1039,Summer,Coupe,1927,2566
22,523,Stock,Van,1905,2553
536,652,Husband,SUV,1984,1707
386,653,President,Convertible,1931,2441
881,867,Key,Pickup,1935,1983
944,1081,Sister,SUV,1973,2827
495,290,National,Convertible,2022,1826
811,349,Leader,Pickup,1889,2831
519,713,Garden,Wagon,1973,1187
593,659,So,Wagon,1944,922
10,1103,Song,SUV,1972,1647
651,586,Late,Hatchback,1973,1301
324,447,Deep,SUV,1967,2698
625,735,Share,Convertible,2016,1703
219,186,Read,Sedan,1892,2090
864,651,Response,Sedan,1897,1740
596,371,Second,Hatchback,1941,2327
192,281,So,Hatchback,1896,1262
903,354,Police,SUV,1995,2656
277,1102,Somebody,Coupe,1920,2132
450,1063,Military,Van,2004,2652
663,1015,Laugh,Wagon,1909,2978
182,938,Call,Coupe,2010,1826
616,496,Write,Wagon,2019,1380
570,650,Alone,Wagon,1895,2856
13,849,Air,Pickup,1983,1939
622,1115,Add,Pickup,1985,1690
582,637,Trade,Wagon,2018,2579
982,575,Southern,Convertible,1903,1137
523,974,Seven,Van,1939,1254
168,332,Environmental,Hatchback,1943,2507
246,610,Law,Van,1984,2082
304,550,Policy,Convertible,2007,2798
97,601,Be,Convertible,1928,2864
896,1024,Similar,Pickup,1901,1850
314,391,Will,Coupe,1968,2533
204,642,Occur,SUV,1933,1348
910,225,Himself,Sedan,1954,2606
63,960,Detail,SUV,1958,1256
362,436,Year,Convertible,1973,2818
278,313,Performance,Hatchback,2015,2128
778,720,Meet,Hatchback,1917,2287
607,781,Hot,Wagon,1999,2195
770,648,Affect,Coupe,1992,2195
546,801,Base,SUV,1890,807
678,420,Think,Sedan,1950,1946
177,565,Compare,Coupe,1905,2948
256,185,Serious,Convertible,1898,2354
998,690,Report,Convertible,1909,2596
825,895,Each,SUV,1921,2305
687,1024,Show,Pickup,1918,1983
718,882,Everybody,Van,1934,1353
445,805,Exactly,SUV,2013,1051
873,691,Cell,Van,1958,1298
946,847,Hot,Van,1905,981
95,1028,Good,Van,2006,2514
661,1092,Knowledge,Wagon,1938,2630
36,11,War,Hatchback,1916,1036
340,554,Between,Convertible,1996,1731
808,379,Management,Pickup,1955,2998
812,307,Require,Sedan,1964,2946
125,567,Care,SUV,1966,2439
443,256,To,Wagon,1921,2107
870,489,Future,Wagon,1897,1576
832,28,Far,Van,2018,1632
455,849,Court,Hatchback,1953,1302
407,633,History,Van,1908,2437
458,243,Game,SUV,2006,1082
931,428,Board,Wagon,1964,2862
123,595,Congress,Hatchback,1915,2872
329,892,Current,Convertible,1973,1941
355,566,Light,Van,1910,2950
757,260,Detail,Van,1908,2357
160,152,Know,Pickup,1886,1742
921,56,Stock,Pickup,1979,2890
212,1114,Society,Pickup,1907,2096
727,794,Treat,Sedan,1919,1159
167,881,Total,Hatchback,1993,1099
516,279,Share,Pickup,1943,870
999,705,Voice,Van,2020,1649
825,272,Arrive,Convertible,1971,2225
134,325,Parent,Hatchback,1947,1700
973,929,At,Convertible,1969,1925
124,575,The,Coupe,1972,2508
660,354,Wish,Convertible,1943,2712
893,591,Behavior,Sedan,1978,2702
527,76,Get,Coupe,1964,2854
43,498,Wonder,Hatchback,1958,1245
197,691,Suddenly,Wagon,1983,1415
25,1096,Guy,Wagon,1921,2332
289,1108,Interview,SUV,1933,2089
764,1054,Least,Coupe,1899,1337
264,228,Area,Coupe,1897,2510
656,227,Practice,Wagon,1944,1539
240,9,Morning,Van,1913,2363
769,52,Generation,Sedan,1959,1269
439,416,Push,Van,1934,1618
136,357,Wrong,Sedan,1928,1427
812,85,Speak,Hatchback,1958,2553
637,843,Final,Convertible,1969,987
168,983,Step,Pickup,1900,1305
241,384,Maintain,Wagon,1934,1533
823,109,Kitchen,SUV,1932,1800
643,545,Mind,Hatchback,1961,1165
197,936,Cell,Pickup,1932,1699
641,255,Measure,Coupe,1927,2873
317,719,Situation,Van,1893,1749
856,1027,Mind,Pickup,1889,1183
748,226,Hospital,Van,1955,901
977,166,Partner,Hatchback,1920,1526
987,478,Poor,SUV,1959,2892
1,49,Six,Convertible,1889,1371
799,272,Local,Pickup,1961,2124
752,109,Weight,SUV,1933,2967
270,956,Nor,Wagon,2007,1413
327,661,Traditional,Van,1931,2931
163,659,Fight,Hatchback,1941,2220
183,808,Anything,Van,1921,2009
28,44,Seem,Convertible,2011,1861
167,903,Fly,Wagon,1994,1669
9,920,Movie,Coupe,1895,2360
278,663,Employee,Hatchback,2013,1397
667,1093,Protect,Van,2007,1531
826,906,Indeed,Coupe,1924,2194
82,820,Moment,Van,2023,2256
94,323,Play,Van,1907,1949
191,788,Cold,Pickup,1976,2598
433,671,National,Coupe,1935,2647
538,696,Attorney,Hatchback,1960,1369
603,135,Choose,Convertible,1972,1555
39,731,Child,SUV,2001,1031
150,685,Social,Convertible,1910,2771
489,173,Third,SUV,1975,2392
337,519,Anyone,Pickup,2023,1148
414,820,Type,Sedan,1935,1611
527,897,Last,Pickup,2003,1731
162,285,Interview,SUV,2002,1245
170,1002,Foot,Van,1976,971
778,616,Meet,Pickup,1971,1811
917,826,Right,Pickup,1967,1439
205,320,See,Pickup,1945,1338
366,284,Four,Convertible,1926,1682
963,757,People,Convertible,2016,2639
915,25,Answer,Sedan,1897,2114
683,307,Answer,Hatchback,1931,2990
115,1028,Key,Convertible,1981,979
182,755,Night,Coupe,1898,2316
888,963,Evening,Pickup,1988,1310
726,620,For,Wagon,1904,2320
810,552,They,Pickup,2010,1964
123,591,Nearly,Pickup,1913,2533
684,777,Send,Pickup,1922,1782
295,61,Join,Wagon,1969,936
139,161,Situation,Wagon,1990,1540
595,138,Drop,SUV,1948,2098
775,3,Kind,Van,1941,2730
215,592,Side,Convertible,2015,1730
486,1024,Perhaps,SUV,1985,2600
226,480,Heart,Coupe,1979,1383
559,527,Soldier,Coupe,2009,2735
345,435,Visit,SUV,2005,1952
961,772,Allow,Van,1908,1515
75,1098,Issue,SUV,1974,1318
333,724,Lay,Coupe,1939,1419
454,7,Environmental,Van,1889,1760
449,78,Kind,Convertible,2017,2832
673,771,Kitchen,Sedan,1889,833
649,769,Change,Pickup,1943,1231
697,569,Create,Sedan,1890,1870
768,216,Impact,Wagon,1923,2374
28,188,Family,Convertible,1902,1046
909,290,Lay,Van,1903,2297
671,18,Opportunity,Pickup,1920,944
778,277,Quality,Coupe,1937,2399
844,868,Production,Van,1993,1973
354,687,Statement,Van,2007,1390
381,266,Too,Hatchback,1968,2701
259,1053,Radio,Convertible,1999,1670
986,675,Local,Pickup,1887,2940
499,667,Live,Hatchback,1916,1027
449,16,Clearly,Convertible,2020,1543
903,624,Billion,SUV,2009,2838
478,956,Responsibility,Pickup,1971,1864
43,676,Consider,Van,1991,2254
952,643,Direction,SUV,1953,2294
829,78,Couple,SUV,1952,1377
526,368,Early,Convertible,1914,2769
987,1112,Civil,Convertible,2007,1009
842,264,Many,Pickup,1950,2588
209,240,Rather,SUV,1952,1417
691,317,Seem,Pickup,1995,1875
343,327,Beyond,Convertible,1890,1281
528,620,Campaign,SUV,1904,1090
217,201,Treatment,Convertible,1926,2013
173,277,Condition,Convertible,1930,2023
278,899,Others,Van,1911,1359
425,744,Wait,Coupe,1951,2087
319,263,Cost,Van,1914,1845
713,728,Spring,Hatchback,2014,1240
423,858,Side,Wagon,1985,1538
694,63,Require,Convertible,1956,1602
863,191,Section,Hatchback,1899,2084
532,909,Look,Hatchback,2013,2908
435,144,Pay,Hatchback,1895,2109
89,812,Choice,Convertible,2015,1519
928,876,Act,Wagon,1914,1146
980,923,Enough,Convertible,1950,1591
505,175,Add,Convertible,1892,2243
401,659,Do,Van,1951,2186
674,830,Economic,Wagon,1960,1217
986,1001,Itself,Coupe,2021,2788
483,221,Little,Coupe,1949,2062
586,479,Similar,Coupe,1906,2998
703,554,Page,Wagon,1932,2239
674,938,Form,Van,1961,2820
46,948,Hand,Van,1974,2316
404,452,Wait,Wagon,1929,1834
629,888,Part,Sedan,1984,2579
374,142,Paper,Van,2011,1557
129,167,Culture,Pickup,1940,1260
593,637,Strategy,SUV,1980,2494
705,330,Both,Hatchback,2014,1186
605,188,They,Van,1946,1675
442,885,Education,Convertible,1915,2132
516,790,Debate,Hatchback,1890,2184
64,65,Cold,Van,1952,1400
364,1114,Matter,Van,1942,2274
661,114,Adult,Wagon,1924,1446
585,904,Camera,Sedan,1967,2074
911,414,Wish,Convertible,1983,915
861,152,Animal,SUV,1968,925
159,222,Reduce,Coupe,1957,897
504,831,Trip,SUV,1999,2778
437,452,Despite,Coupe,1955,2786
341,1003,Benefit,Wagon,1912,833
532,1040,Dream,Van,1937,940
981,937,Son,Hatchback,1990,1707
708,92,Win,Pickup,1931,1573
233,210,Ahead,Pickup,1926,1064
29,611,Budget,SUV,1926,2944
267,3,Its,Sedan,1916,2728
94,714,Quickly,SUV,1951,2700
615,1004,Carry,Sedan,1929,2246
502,841,Their,SUV,1921,2163
5,597,Computer,Hatchback,1962,1680
9,28,Establish,Wagon,2013,1146
978,796,Financial,Hatchback,1969,2524
847,420,Father,Hatchback,1887,803
594,881,Establish,Convertible,1913,2532
398,651,Behind,SUV,2022,2807
102,323,Mind,Convertible,2001,2028
323,58,Coach,Van,2006,1376
711,714,Deal,SUV,1950,2705
448,28,Without,Coupe,2010,883
378,1022,Wide,Pickup,1982,1523
947,444,Long,Pickup,1902,913
927,355,Too,Van,1972,2416
753,746,Audience,Hatchback,1948,2663
297,63,Computer,Sedan,1982,2702
676,122,Staff,Convertible,1891,1336
874,343,Base,Coupe,2017,1054
701,620,Husband,Coupe,1896,2182
112,186,No,Van,1902,1486
563,382,Since,Van,1975,2150
249,452,Clear,Coupe,2007,860
490,672,Generation,Pickup,1974,1311
232,239,Make,SUV,1988,856
704,484,Which,Van,1955,2225
394,702,Letter,SUV,1981,1471
5,511,Focus,Sedan,2024,1549
153,913,Theory,SUV,1918,2135
258,316,Impact,Wagon,2019,2444
323,654,Attack,Van,1938,2064
172,178,Specific,Van,2008,1099
142,870,Treat,Hatchback,1934,2876
613,653,Research,Coupe,1902,1581
840,573,Share,Convertible,1934,1862
760,462,Tree,Coupe,1937,2837
602,682,Action,Wagon,1938,1946
406,905,Now,Van,1908,1323
838,1060,Difference,SUV,1933,1583
646,271,High,Sedan,1928,1037
775,746,Talk,Van,2009,1774
384,583,Race,Wagon,1950,2850
641,1,Hear,Van,2003,1170
938,96,Apply,Sedan,1900,2154
510,961,Them,Wagon,1924,826
359,669,Perhaps,Van,1886,2256
88,508,Then,Hatchback,1994,2884
981,687,Security,Coupe,1905,2516
592,8,Tend,Sedan,1924,2175
977,617,Hour,Wagon,1931,1934
496,103,Likely,Pickup,1974,2845
781,200,Animal,Hatchback,1980,2573
676,803,Price,Convertible,1890,2250
840,809,Front,Sedan,2004,1168
114,735,Writer,Hatchback,2011,1902
470,928,Arrive,Hatchback,2004,871
201,1008,Very,Convertible,2019,1425
920,76,Drug,Hatchback,1949,2215
125,94,Friend,Coupe,1993,2508
257,615,Upon,Wagon,1914,929
649,111,School,Pickup,2003,1309
760,300,Community,Hatchback,1906,1417
252,701,Former,Pickup,2008,1746
479,241,Alone,Sedan,1911,2665
831,612,Doctor,Pickup,2002,2007
863,332,Great,Convertible,1920,881
281,371,Control,Sedan,1958,1787
633,153,Stage,Wagon,1961,1483
953,631,Still,SUV,1911,1051
550,699,Staff,Hatchback,1936,953
613,659,Free,Pickup,1950,2541
362,385,Action,Van,1949,943
31,829,To,Hatchback,1983,2345
111,22,Major,SUV,1951,1139
59,164,Citizen,Van,1917,937
738,484,Health,Van,1920,2567
902,755,Start,Sedan,1993,2951
717,767,Right,Pickup,1976,2474
914,40,None,Coupe,1926,1128
94,1030,Loss,SUV,1940,1524
666,962,Will,SUV,1944,1055
483,797,Family,Van,1981,1804
337,49,Idea,Sedan,1922,1835
911,280,Sell,Coupe,1915,2117
862,193,Responsibility,Hatchback,1995,1539
342,241,Then,Convertible,1889,2762
656,100,Fire,Convertible,1951,846
815,870,Why,Sedan,1923,1237
844,420,Performance,Sedan,1932,2793
528,724,Campaign,Wagon,1954,1851
644,674,Question,Convertible,1975,855
736,159,Democrat,Wagon,2015,2670
336,841,View,Van,1891,1427
738,231,Kind,Pickup,1975,2006
382,898,Tell,Sedan,1958,1500
469,30,Take,Van,1915,1865
154,569,Few,Hatchback,1994,2549
883,456,Read,Convertible,1935,2407
212,148,Act,Hatchback,1941,2041
